,mulher,homem,qnt_proposicoes
mulher,1.0,-1.0,-0.13951474415030968
homem,-1.0,1.0,0.1395147441503101
qnt_proposicoes,-0.13951474415030968,0.1395147441503101,1.0
